[
  {
    "title": "Mochila super",
    "price": "10000",
    "thumbnail": "https://cdn3.iconfinder.com/data/icons/education-209/64/bag-pack-container-school-128.png",
    "id": 24
  },
  {
    "title": "mochila simple",
    "price": "4000",
    "thumbnail": "https://cdn3.iconfinder.com/data/icons/education-209/64/bag-pack-container-school-128.png",
    "id": 25
  },
  {
    "title": "Afeitadora el Chino",
    "price": "1110",
    "thumbnail": "https://cdn4.iconfinder.com/data/icons/men-s-grooming-flat/64/razor_shaver_shave_hair_grooming_beard_cosmetic-512.png",
    "id": 26
  },
  {
    "title": "Lapiz",
    "price": "40",
    "thumbnail": "https://cdn4.iconfinder.com/data/icons/small-n-flat/24/pencil-512.png",
    "id": 27
  },
  {
    "title": "Afeitadora Mujer",
    "price": "800",
    "thumbnail": "https://cdn1.iconfinder.com/data/icons/cosmetic-7/512/razor-shave-blade-sharp-object-512.png",
    "id": 28
  },
  {
    "title": "Papel",
    "price": "200",
    "thumbnail": "https://cdn4.iconfinder.com/data/icons/marketing-and-digital-marketing/32/web_file_document-512.png",
    "id": 29
  }
]